{"RuleTriggered": 0, "Violations": 0, "Details": {"pin_memory": false, "num_workers": 0, "cores": 4, "dataloaders": 1, "dataloading_time": {"p25": 0.21686525, "p50": 0.227236, "p95": 0.25815889999999997, "probs": [1, 0, 0, 0, 0, 0, 1, 0, 0, 0, 0, 1, 0, 0, 0, 0, 0, 0, 0, 0, 1, 0, 0, 0, 0, 0, 1, 0, 0, 0, 0, 0, 0, 1, 0, 0, 1, 0, 0, 0, 0, 0, 0, 1, 0, 0, 0, 0, 0, 0, 1, 0, 0, 0, 0, 0, 0, 0, 0, 0, 0, 0, 0, 0, 0, 0, 0, 0, 0, 0, 0, 0, 0, 0, 0, 0, 0, 0, 0, 0, 0, 0, 0, 0, 0, 0, 0, 0, 0, 0, 0, 0, 0, 0, 0, 0, 0, 0, 0, 1], "binedges": [0.207931, 0.20857808, 0.20922516, 0.20987224000000002, 0.21051932, 0.2111664, 0.21181348, 0.21246056, 0.21310764000000001, 0.21375472, 0.2144018, 0.21504888, 0.21569596000000002, 0.21634304000000001, 0.21699012, 0.2176372, 0.21828428, 0.21893136000000002, 0.21957844, 0.22022552, 0.2208726, 0.22151968, 0.22216676000000002, 0.22281384, 0.22346092, 0.224108, 0.22475508, 0.22540216000000002, 0.22604924, 0.22669632, 0.2273434, 0.22799048, 0.22863756000000002, 0.22928464, 0.22993172, 0.2305788, 0.23122588000000002, 0.23187296000000002, 0.23252004, 0.23316712, 0.23381420000000003, 0.23446128000000002, 0.23510836000000002, 0.23575544, 0.23640252, 0.23704960000000003, 0.23769668000000002, 0.23834376000000002, 0.23899084, 0.23963792, 0.24028500000000003, 0.24093208000000002, 0.24157916000000001, 0.24222624, 0.24287332, 0.24352040000000003, 0.24416748000000002, 0.24481456000000001, 0.24546164, 0.24610872, 0.24675580000000003, 0.24740288000000002, 0.24804996, 0.24869704, 0.24934412, 0.24999120000000002, 0.25063828, 0.25128536, 0.25193244000000004, 0.25257952, 0.2532266, 0.25387368, 0.25452076, 0.25516784000000003, 0.25581492, 0.256462, 0.25710908, 0.25775616, 0.25840324000000003, 0.25905032, 0.2596974, 0.26034448, 0.26099156, 0.26163864000000003, 0.26228572, 0.2629328, 0.26357988000000004, 0.26422696, 0.26487404000000003, 0.26552112, 0.2661682, 0.26681528000000004, 0.26746236, 0.26810944000000003, 0.26875652, 0.2694036, 0.27005068000000004, 0.27069776, 0.27134484000000003, 0.27199192000000005, 0.272639]}}, "Datapoints": 10, "RuleParameters": "min_threshold:70\nmax_threshold:200"}