{"RuleTriggered": 0, "Violations": 0, "Details": {"step_num": {"first": 1672146537256358, "last": 1672151339806053}, "job_start": 1672146424.500629, "job_end": 1672151339.501891}, "Datapoints": 9509, "RuleParameters": "threshold:20"}