{"RuleTriggered": 0, "Violations": 0, "Details": {"ratio": {"cpu_functions": 100.0}, "phase": {"Step:ModeKeys.TRAIN": 124.80651751287905, "others": -71.52609409778111, "Step:ModeKeys.EVAL": 46.719576584902065}, "phase_time": {}, "CPU": {"aten::conv2d": 19.17933682512186, "aten::convolution": 19.17623955021817, "aten::_convolution": 19.174122254036867, "aten::mkldnn_convolution": 19.16942035973387, "aten::batch_norm": 7.77022477199761, "aten::_batch_norm_impl_index": 7.7673284428211185, "aten::native_batch_norm": 7.763327796070518}, "CPU_total": {"aten::conv2d": 32546867, "aten::convolution": 32541611, "aten::_convolution": 32538018, "aten::mkldnn_convolution": 32530039, "aten::batch_norm": 13185882, "aten::_batch_norm_impl_index": 13180967, "aten::native_batch_norm": 13174178}, "general": {"DataLoaderIterInitialize": 3.4770867377876535e-05, "DataLoaderIter": 0.007772462358771319, "Forward": 99.99219276677384}}, "Datapoints": 0, "RuleParameters": ""}